{"errors":[],"warnings":[],"namedChunkGroups":{"app":{"chunks":[9,2],"assets":["webpack-runtime-d86ff0205f111eef9aea.js","webpack-runtime-d86ff0205f111eef9aea.js.map","app-d881f2b7089d3af5d582.js","app-d881f2b7089d3af5d582.js.map"],"children":{},"childAssets":{}},"component---node-modules-gatsby-plugin-offline-app-shell-js":{"chunks":[3],"assets":["component---node-modules-gatsby-plugin-offline-app-shell-js-c521caad8b2f2d54e9e5.js","component---node-modules-gatsby-plugin-offline-app-shell-js-c521caad8b2f2d54e9e5.js.map"],"children":{},"childAssets":{}},"component---src-templates-post-jsx":{"chunks":[0,11,1,8],"assets":["0.4e1227bfc89beec0f487.css","0-bd43a77ad962a4192275.js","0-bd43a77ad962a4192275.js.map","11.cf13eec6d09b3d6d4754.css","11-f60fc774bbb05514c50c.js","11-f60fc774bbb05514c50c.js.map","1.369172be21824fff7f63.css","1-ab9b497a8231857b523d.js","1-ab9b497a8231857b523d.js.map","component---src-templates-post-jsx.3bf46a5adf4ce1dfa716.css","component---src-templates-post-jsx-906d45332b38017105b8.js","component---src-templates-post-jsx-906d45332b38017105b8.js.map"],"children":{},"childAssets":{}},"component---src-pages-404-jsx":{"chunks":[0,1,4],"assets":["0.4e1227bfc89beec0f487.css","0-bd43a77ad962a4192275.js","0-bd43a77ad962a4192275.js.map","1.369172be21824fff7f63.css","1-ab9b497a8231857b523d.js","1-ab9b497a8231857b523d.js.map","component---src-pages-404-jsx-e46f51eef7a63db7392c.js","component---src-pages-404-jsx-e46f51eef7a63db7392c.js.map"],"children":{},"childAssets":{}},"component---src-pages-community-jsx":{"chunks":[0,1,5],"assets":["0.4e1227bfc89beec0f487.css","0-bd43a77ad962a4192275.js","0-bd43a77ad962a4192275.js.map","1.369172be21824fff7f63.css","1-ab9b497a8231857b523d.js","1-ab9b497a8231857b523d.js.map","component---src-pages-community-jsx.554002717ea1533ad374.css","component---src-pages-community-jsx-7dda0801f62aaa207391.js","component---src-pages-community-jsx-7dda0801f62aaa207391.js.map"],"children":{},"childAssets":{}},"component---src-pages-enterprise-jsx":{"chunks":[0,1,6],"assets":["0.4e1227bfc89beec0f487.css","0-bd43a77ad962a4192275.js","0-bd43a77ad962a4192275.js.map","1.369172be21824fff7f63.css","1-ab9b497a8231857b523d.js","1-ab9b497a8231857b523d.js.map","component---src-pages-enterprise-jsx.acfd4a4a8404b4dd80c4.css","component---src-pages-enterprise-jsx-6de734a9a46524c98da7.js","component---src-pages-enterprise-jsx-6de734a9a46524c98da7.js.map"],"children":{},"childAssets":{}},"component---src-pages-index-jsx":{"chunks":[0,1,7],"assets":["0.4e1227bfc89beec0f487.css","0-bd43a77ad962a4192275.js","0-bd43a77ad962a4192275.js.map","1.369172be21824fff7f63.css","1-ab9b497a8231857b523d.js","1-ab9b497a8231857b523d.js.map","component---src-pages-index-jsx.2a9845e1e38b3d533ec8.css","component---src-pages-index-jsx-941a9d20f6d63bea04e8.js","component---src-pages-index-jsx-941a9d20f6d63bea04e8.js.map"],"children":{},"childAssets":{}}},"assetsByChunkName":{"app":["webpack-runtime-d86ff0205f111eef9aea.js","app-d881f2b7089d3af5d582.js"],"component---node-modules-gatsby-plugin-offline-app-shell-js":["component---node-modules-gatsby-plugin-offline-app-shell-js-c521caad8b2f2d54e9e5.js"],"component---src-templates-post-jsx":["0.4e1227bfc89beec0f487.css","0-bd43a77ad962a4192275.js","11.cf13eec6d09b3d6d4754.css","11-f60fc774bbb05514c50c.js","1.369172be21824fff7f63.css","1-ab9b497a8231857b523d.js","component---src-templates-post-jsx.3bf46a5adf4ce1dfa716.css","component---src-templates-post-jsx-906d45332b38017105b8.js"],"component---src-pages-404-jsx":["0.4e1227bfc89beec0f487.css","0-bd43a77ad962a4192275.js","1.369172be21824fff7f63.css","1-ab9b497a8231857b523d.js","component---src-pages-404-jsx-e46f51eef7a63db7392c.js"],"component---src-pages-community-jsx":["0.4e1227bfc89beec0f487.css","0-bd43a77ad962a4192275.js","1.369172be21824fff7f63.css","1-ab9b497a8231857b523d.js","component---src-pages-community-jsx.554002717ea1533ad374.css","component---src-pages-community-jsx-7dda0801f62aaa207391.js"],"component---src-pages-enterprise-jsx":["0.4e1227bfc89beec0f487.css","0-bd43a77ad962a4192275.js","1.369172be21824fff7f63.css","1-ab9b497a8231857b523d.js","component---src-pages-enterprise-jsx.acfd4a4a8404b4dd80c4.css","component---src-pages-enterprise-jsx-6de734a9a46524c98da7.js"],"component---src-pages-index-jsx":["0.4e1227bfc89beec0f487.css","0-bd43a77ad962a4192275.js","1.369172be21824fff7f63.css","1-ab9b497a8231857b523d.js","component---src-pages-index-jsx.2a9845e1e38b3d533ec8.css","component---src-pages-index-jsx-941a9d20f6d63bea04e8.js"]}}