{"errors":[],"warnings":[],"namedChunkGroups":{"app":{"chunks":[9,2],"assets":["webpack-runtime-77e877d558ff3f1abcd2.js","webpack-runtime-77e877d558ff3f1abcd2.js.map","app-d881f2b7089d3af5d582.js","app-d881f2b7089d3af5d582.js.map"],"children":{},"childAssets":{}},"component---node-modules-gatsby-plugin-offline-app-shell-js":{"chunks":[3],"assets":["component---node-modules-gatsby-plugin-offline-app-shell-js-c521caad8b2f2d54e9e5.js","component---node-modules-gatsby-plugin-offline-app-shell-js-c521caad8b2f2d54e9e5.js.map"],"children":{},"childAssets":{}},"component---src-templates-post-jsx":{"chunks":[0,11,1,8],"assets":["0.4e1227bfc89beec0f487.css","0-72715e84b8d435d9a271.js","0-72715e84b8d435d9a271.js.map","11.cf13eec6d09b3d6d4754.css","11-f91df2a9ab9acedd3c86.js","11-f91df2a9ab9acedd3c86.js.map","1.5805810ddca51e1fa337.css","1-9e33ac37d2768484d04d.js","1-9e33ac37d2768484d04d.js.map","component---src-templates-post-jsx.d8c470b8a2ee6894cc34.css","component---src-templates-post-jsx-e5d91c981a3450175485.js","component---src-templates-post-jsx-e5d91c981a3450175485.js.map"],"children":{},"childAssets":{}},"component---src-pages-404-jsx":{"chunks":[0,1,4],"assets":["0.4e1227bfc89beec0f487.css","0-72715e84b8d435d9a271.js","0-72715e84b8d435d9a271.js.map","1.5805810ddca51e1fa337.css","1-9e33ac37d2768484d04d.js","1-9e33ac37d2768484d04d.js.map","component---src-pages-404-jsx-e46f51eef7a63db7392c.js","component---src-pages-404-jsx-e46f51eef7a63db7392c.js.map"],"children":{},"childAssets":{}},"component---src-pages-community-jsx":{"chunks":[0,1,5],"assets":["0.4e1227bfc89beec0f487.css","0-72715e84b8d435d9a271.js","0-72715e84b8d435d9a271.js.map","1.5805810ddca51e1fa337.css","1-9e33ac37d2768484d04d.js","1-9e33ac37d2768484d04d.js.map","component---src-pages-community-jsx.554002717ea1533ad374.css","component---src-pages-community-jsx-7dda0801f62aaa207391.js","component---src-pages-community-jsx-7dda0801f62aaa207391.js.map"],"children":{},"childAssets":{}},"component---src-pages-enterprise-jsx":{"chunks":[0,1,6],"assets":["0.4e1227bfc89beec0f487.css","0-72715e84b8d435d9a271.js","0-72715e84b8d435d9a271.js.map","1.5805810ddca51e1fa337.css","1-9e33ac37d2768484d04d.js","1-9e33ac37d2768484d04d.js.map","component---src-pages-enterprise-jsx.acfd4a4a8404b4dd80c4.css","component---src-pages-enterprise-jsx-6de734a9a46524c98da7.js","component---src-pages-enterprise-jsx-6de734a9a46524c98da7.js.map"],"children":{},"childAssets":{}},"component---src-pages-index-jsx":{"chunks":[0,1,7],"assets":["0.4e1227bfc89beec0f487.css","0-72715e84b8d435d9a271.js","0-72715e84b8d435d9a271.js.map","1.5805810ddca51e1fa337.css","1-9e33ac37d2768484d04d.js","1-9e33ac37d2768484d04d.js.map","component---src-pages-index-jsx.b523b4c6b85a5ae2cc44.css","component---src-pages-index-jsx-624d378b9277a9bb4bff.js","component---src-pages-index-jsx-624d378b9277a9bb4bff.js.map"],"children":{},"childAssets":{}}},"assetsByChunkName":{"app":["webpack-runtime-77e877d558ff3f1abcd2.js","app-d881f2b7089d3af5d582.js"],"component---node-modules-gatsby-plugin-offline-app-shell-js":["component---node-modules-gatsby-plugin-offline-app-shell-js-c521caad8b2f2d54e9e5.js"],"component---src-templates-post-jsx":["0.4e1227bfc89beec0f487.css","0-72715e84b8d435d9a271.js","11.cf13eec6d09b3d6d4754.css","11-f91df2a9ab9acedd3c86.js","1.5805810ddca51e1fa337.css","1-9e33ac37d2768484d04d.js","component---src-templates-post-jsx.d8c470b8a2ee6894cc34.css","component---src-templates-post-jsx-e5d91c981a3450175485.js"],"component---src-pages-404-jsx":["0.4e1227bfc89beec0f487.css","0-72715e84b8d435d9a271.js","1.5805810ddca51e1fa337.css","1-9e33ac37d2768484d04d.js","component---src-pages-404-jsx-e46f51eef7a63db7392c.js"],"component---src-pages-community-jsx":["0.4e1227bfc89beec0f487.css","0-72715e84b8d435d9a271.js","1.5805810ddca51e1fa337.css","1-9e33ac37d2768484d04d.js","component---src-pages-community-jsx.554002717ea1533ad374.css","component---src-pages-community-jsx-7dda0801f62aaa207391.js"],"component---src-pages-enterprise-jsx":["0.4e1227bfc89beec0f487.css","0-72715e84b8d435d9a271.js","1.5805810ddca51e1fa337.css","1-9e33ac37d2768484d04d.js","component---src-pages-enterprise-jsx.acfd4a4a8404b4dd80c4.css","component---src-pages-enterprise-jsx-6de734a9a46524c98da7.js"],"component---src-pages-index-jsx":["0.4e1227bfc89beec0f487.css","0-72715e84b8d435d9a271.js","1.5805810ddca51e1fa337.css","1-9e33ac37d2768484d04d.js","component---src-pages-index-jsx.b523b4c6b85a5ae2cc44.css","component---src-pages-index-jsx-624d378b9277a9bb4bff.js"]}}